film,actor
Jangan Seperti Bapak,Aulia Sarah
Jangan Seperti Bapak,Donny Damara
Jangan Seperti Bapak,Verdi Solaiman
Jangan Seperti Bapak,Zee Asadel
Jangan Seperti Bapak,Damara Adelardo
Comic 8 Revolution: Santet K4bin3t,Tora Sudiro
Comic 8 Revolution: Santet K4bin3t,Indy Barends
Comic 8 Revolution: Santet K4bin3t,Vino G. Bastian
Comic 8 Revolution: Santet K4bin3t,Indro
Comic 8 Revolution: Santet K4bin3t,Andre Taulany
Comic 8 Revolution: Santet K4bin3t,Hesti Purwadinata
Comic 8 Revolution: Santet K4bin3t,Mongol Stres
Comic 8 Revolution: Santet K4bin3t,Cak Lontong
Comic 8 Revolution: Santet K4bin3t,Mohamad Ali Sidik
Comic 8 Revolution: Santet K4bin3t,Dicky Difie
Comic 8 Revolution: Santet K4bin3t,Oki Rengga Winata
Comic 8 Revolution: Santet K4bin3t,Adjis Doaibu
Comic 8 Revolution: Santet K4bin3t,Kiky Saputri
Comic 8 Revolution: Santet K4bin3t,Mister Aloy
Panji Tengkorak,Denny Sumargo
Panji Tengkorak,Tanta Ginting
The Siege at Thorn High,Morgan Oey
The Siege at Thorn High,Endi Arfian
The Siege at Thorn High,Hana Malasan
The Siege at Thorn High,Omara Esteghlal
13 Bombs,Rio Dewanto
13 Bombs,Putri Ayudya
Hitmen,Vino G. Bastian
Hitmen,Abdur Arsyad
Hitmen,Cornelio Sunny
Balada Si Roy,Febby Rastanty
Balada Si Roy,Abidzar Al-Ghifari
Balada Si Roy,Bio One
Sri Asih,Christine Hakim
Sri Asih,Surya Saputra
Sri Asih,Pevita Pearce
Sri Asih,Jefri Nichol
Sayap-Sayap Patah,Ariel Tatum
Sayap-Sayap Patah,Nicholas Saputra
"Vengeance Is Mine, All Others Pay Cash",Ladya Cheryl
"Vengeance Is Mine, All Others Pay Cash",Marthino Lio
"Vengeance Is Mine, All Others Pay Cash",Sal Priadi
Roh Mati Paksa,Arnold Leonard
Roh Mati Paksa,Gabriella Larasati
Zerre: Pendekar Ufuk Timur,Aditya Zoni
Zerre: Pendekar Ufuk Timur,Aisyah Aqilah
Serigala Langit,Dede Yusuf
Serigala Langit,Randy Pangalila
Serigala Langit,Dian Sidik
Serigala Langit,Donny Damara
Serigala Langit,Wanda Hamidah
Serigala Langit,Deva Mahenra
Serigala Langit,Yayu Unru
Serigala Langit,Bunga Jelitha
Serigala Langit,Anya Geraldine
Serigala Langit,Yoshi Sudarso
Serigala Langit,Damara Adelardo
Will,Morgan Oey
Will,Brigitta Cynthia
Will,Anggika Bölsterli
Will,Panji Saputra
Will,Willem Bevers
Preman,Revaldo
Preman,Putri Ayudya
Preman,Khiva Iskak
Preman,Nustiu
Preman,Kiki Narendra
Preman,Muzakki Ramdhan
Preman,Farell Akbar
Preman,Emil Kusumo
Preman,Gilbert Pattiruhu
Tarung Sarung,Surya Saputra
Tarung Sarung,Imelda Therinne
Tarung Sarung,Yayan Ruhian
Tarung Sarung,Ikbal Fauzi
Tarung Sarung,Cemal Faruk Urhan
Tarung Sarung,Annette Edoarda
Tarung Sarung,Panji Zoni
Tarung Sarung,Maizura
Once Upon a Time in Indonesia,Joshua Pandelaki
Once Upon a Time in Indonesia,Rendy Septino
Once Upon a Time in Indonesia,Ryana Dea
Preman Pensiun,Didi Petet
Preman Pensiun,Epy Kusnandar
Preman Pensiun,Tya Arifin
Preman Pensiun,Fuad Idris
Preman Pensiun,Vina Ferina
Preman Pensiun,Sadana Agung
Preman Pensiun,Ica Naga
Preman Pensiun,Abenk Marco
Preman Pensiun,Fajar Hidayatullah
Preman Pensiun,Soraya Rasyid
Preman Pensiun,Denny Firdaus
Preman Pensiun,Isye Sumarni
Gundala,Bront Palarae
Gundala,Abimana Aryasatya
Gundala,Rio Dewanto
Gundala,Ario Bayu
Gundala,Tara Basro
Insya Allah Sah 2,Luna Maya
Insya Allah Sah 2,Donny Alamsyah
Insya Allah Sah 2,Pandji Pragiwaksono
Insya Allah Sah 2,Miller
Maipa Deapati & Datu' Museng,Shaheer Sheikh
Maipa Deapati & Datu' Museng,Hans de Kraker
Security Ugal-ugalan,Indro
Security Ugal-ugalan,Lolox
Security Ugal-ugalan,Muhadkly Acho
Security Ugal-ugalan,Sadana Agung
Valentine,Q542843
Valentine,Indra Birowo
Valentine,Jeremy Thomas
Valentine,Estelle Linden
Valentine,Joshua Pandelaki
Valentine,Leroy Osmani
Valentine,Ahmad Affandy
Valentine,Fendy Pradana
Valentine,Marcell Domits
Valentine,Nabila Putri
I Leave My Heart In Lebanon,Revalina Sayuthi Temat
I Leave My Heart In Lebanon,Rio Dewanto
I Leave My Heart In Lebanon,Yama Carlos
I Leave My Heart In Lebanon,Boris Thompson Manullang
Headshot,Iko Uwais
Juara,Bisma Karisma
Juara,Tora Sudiro
Juara,Cut Mini Theo
Juara,Devi Noviaty
Juara,Dina Anjani
Juara,Qausar Harta Yudana
Juara,Ciccio Manassero
Juara,Sendy Taroreh
Juara,Mohamad Ali Sidik
Juara,Dicky Difie
Juara,Ronny P. Tjandra
Juara,Arthur Stefano Anapaku
Juara,Cecep Arif Rahman
Jagoan Instan,Dede Yusuf
Jagoan Instan,Alexa Key
Jagoan Instan,Meriam Bellina
Jagoan Instan,Kevin Julio
Jagoan Instan,Andovi da Lopez
Jagoan Instan,Jovial da Lopez
Jagoan Instan,Kemal Palevi
Jagoan Instan,Anisa Rahma
Wanita Berdarah,Guntur Triyoga
Wanita Berdarah,Febriyanie Ferdzilla
Wanita Berdarah,Cinta Dewi
Gangster,Dian Sastrowardoyo
Gangster,Agus Kuncoro
Gangster,Dede Yusuf
Gangster,Dwi Sasono
Gangster,Dominique Sanda
Gangster,Eriska Reinisa
Gangster,Lukman Sardi
Gangster,Yayan Ruhian
Gangster,Moammar Emka
Gangster,Insan Nur Akbar
Gangster,Hamish Daud
Gangster,Ganindra Bimo
Gangster,Gunawan Maryanto
Gangster,Emmie Lemu
Gangster,McDanny
Gangster,Kelly Tandiono
Gangster,Raihan Khan
Gangster,Putri Anne
Gangster,Erick Estrada
Gangster,Nina Kozok
The Raid 2,Ryūhei Matsuda
The Raid 2,Kenichi Endō
The Raid 2,Iko Uwais
The Raid 2,Roy Marten
The Raid 2,Oka Antara
The Raid 2,Julie Estelle
The Raid 2,Tio Pakusadewo
The Raid 2,Arifin Putra
The Raid 2,Zack Lee
The Raid 2,Alex Abbad
Street Society,Marcel Chandrawinata
Java Heat,Mickey Rourke
Java Heat,Kellan Lutz
Java Heat,Atiqah Hasiholan
Java Heat,Frans Tumbuan
Java Heat,Rudy Wowor
Java Heat,Agung Udijana
Java Heat,Astri Nurdin
Java Heat,Mike Lucock
Java Heat,Rio Dewanto
Java Heat,Tio Pakusadewo
Java Heat,Verdi Solaiman
Java Heat,Ario Bayu
Java Heat,Uli Auliani
Java Heat,Rifnu alqa wikana
Java Heat,Tegar Satria
Vendetta,Bruce Payne
Vendetta,Vincent Regan
Vendetta,Danny Dyer
The Raid,Iko Uwais
The Raid,Joe Taslim
The Raid,Donny Alamsyah
The Raid,Yayan Ruhian
X - The Last Moment,Keith Foo
X - The Last Moment,Mike Lucock
X - The Last Moment,Jenny Cortez
X - The Last Moment,Cinta Dewi
X - The Last Moment,Rocky Jeff
The Mentalist,Limbad
The Mentalist,Deddy Corbuzier
Pirate Brothers,Robin Shou
Pirate Brothers,Verdy Bhawanta
Fight – City of Darkness,Guntur Triyoga
Fight – City of Darkness,volland humanggio
Fight – City of Darkness,Cinta Dewi
Fight – City of Darkness,Fikri Baladraf
Mafia Insyaf,Tora Sudiro
Mafia Insyaf,Atiqah Hasiholan
Mafia Insyaf,Jaja Mihardja
Kedok Ketawa,Basuki Resobowo
At Stake,Tio Pakusadewo
At Stake,Adipati Dolken
At Stake,Aliando Syarief
At Stake,Jefri Nichol
Jaka Sembung,Barry Prima
Rentjong Atjeh,Dewi Mada
Rentjong Atjeh,Ferry Kock
Rentjong Atjeh,Hadidjah
Rentjong Atjeh,Mohamad Mochtar
Rentjong Atjeh,Bissoe
13 Bombs in Jakarta,Muhammad Khan (actor)
13 Bombs in Jakarta,Putri Ayudya
13 Bombs in Jakarta,Rio Dewanto
13 Bombs in Jakarta,Ardhito Pramono
13 Bombs in Jakarta,Lutesha
Preman,Salvita Decorte
Street Society,Chelsea Islan
Catatan Si Boy,Didi Petet
24 Hours with Gaspar,Reza Rahadian
24 Hours with Gaspar,Sal Priadi
24 Hours with Gaspar,Shenina Cinnamon
24 Hours with Gaspar,Laura Basuki
